KIND_OF_PART,SERIAL_NUMBER,BATCH_NUMBER,BARCODE,NAME_LABEL,LOCATION,INSTITUTION,COMMENT_DESCRIPTION,MANUFACTURER,PRODUCTION_DATE
ECON-D,1000114,0003-PS-1800101,320ICECD1000114,ECON-D from tray 18001 at location 14,Baylor,FermiLab,Shipped on 06/27/24 (batch 0003),TSMC,05/31/24
ECON-D,1000116,0003-PS-1800102,320ICECD1000116,ECON-D from tray 18001 at location 16,Baylor,FermiLab,Shipped on 06/27/24 (batch 0003),TSMC,05/31/24
ECON-D,1000119,0002-PS-1800001,320ICECD1000119,ECON-D from tray 18000 at location 19,Baylor,FermiLab,Shipped on 06/20/24 (batch 0002),TSMC,05/31/24
ECON-D,1000120,0002-PS-1800002,320ICECD1000120,ECON-D from tray 18000 at location 20,Baylor,FermiLab,Shipped on 06/20/24 (batch 0002),TSMC,05/31/24
ECON-D,1000121,0002-PS-1800003,320ICECD1000121,ECON-D from tray 18000 at location 21,Baylor,FermiLab,Shipped on 06/20/24 (batch 0002),TSMC,05/31/24
ECON-D,1000122,0002-PS-1800004,320ICECD1000122,ECON-D from tray 18000 at location 22,Baylor,FermiLab,Shipped on 06/20/24 (batch 0002),TSMC,05/31/24
ECON-D,1000123,0002-PS-1800005,320ICECD1000123,ECON-D from tray 18000 at location 23,Baylor,FermiLab,Shipped on 06/20/24 (batch 0002),TSMC,05/31/24
ECON-D,1000124,0002-PS-1800006,320ICECD1000124,ECON-D from tray 18000 at location 24,Baylor,FermiLab,Shipped on 06/20/24 (batch 0002),TSMC,05/31/24
ECON-D,1000125,0002-PS-1800007,320ICECD1000125,ECON-D from tray 18000 at location 25,Baylor,FermiLab,Shipped on 06/20/24 (batch 0002),TSMC,05/31/24
ECON-D,1000126,0002-PS-1800008,320ICECD1000126,ECON-D from tray 18000 at location 26,Baylor,FermiLab,Shipped on 06/20/24 (batch 0002),TSMC,05/31/24
ECON-D,1000127,0002-PS-1800009,320ICECD1000127,ECON-D from tray 18000 at location 27,Baylor,FermiLab,Shipped on 06/20/24 (batch 0002),TSMC,05/31/24
ECON-D,1000128,0002-PS-1800010,320ICECD1000128,ECON-D from tray 18000 at location 28,Baylor,FermiLab,Shipped on 06/20/24 (batch 0002),TSMC,05/31/24
ECON-D,1000129,0002-PS-1800011,320ICECD1000129,ECON-D from tray 18000 at location 29,Baylor,FermiLab,Shipped on 06/20/24 (batch 0002),TSMC,05/31/24
ECON-D,1000130,0002-PS-1800012,320ICECD1000130,ECON-D from tray 18000 at location 30,Baylor,FermiLab,Shipped on 06/20/24 (batch 0002),TSMC,05/31/24
ECON-D,1000131,0002-PS-1800013,320ICECD1000131,ECON-D from tray 18000 at location 31,Baylor,FermiLab,Shipped on 06/20/24 (batch 0002),TSMC,05/31/24
ECON-D,1000132,0002-PS-1800014,320ICECD1000132,ECON-D from tray 18000 at location 32,Baylor,FermiLab,Shipped on 06/20/24 (batch 0002),TSMC,05/31/24
ECON-D,1000133,0002-PS-1800015,320ICECD1000133,ECON-D from tray 18000 at location 33,Baylor,FermiLab,Shipped on 06/20/24 (batch 0002),TSMC,05/31/24
ECON-D,1000135,0002-PS-1800016,320ICECD1000135,ECON-D from tray 18000 at location 35,Baylor,FermiLab,Shipped on 06/20/24 (batch 0002),TSMC,05/31/24
ECON-D,1000136,0002-PS-1800017,320ICECD1000136,ECON-D from tray 18000 at location 36,Baylor,FermiLab,Shipped on 06/20/24 (batch 0002),TSMC,05/31/24
ECON-D,1000137,0002-PS-1800018,320ICECD1000137,ECON-D from tray 18000 at location 37,Baylor,FermiLab,Shipped on 06/20/24 (batch 0002),TSMC,05/31/24
ECON-D,1000138,0002-PS-1800019,320ICECD1000138,ECON-D from tray 18000 at location 38,Baylor,FermiLab,Shipped on 06/20/24 (batch 0002),TSMC,05/31/24
ECON-D,1000139,0002-PS-1800020,320ICECD1000139,ECON-D from tray 18000 at location 39,Baylor,FermiLab,Shipped on 06/20/24 (batch 0002),TSMC,05/31/24
ECON-D,1000140,0002-PS-1800021,320ICECD1000140,ECON-D from tray 18000 at location 40,Baylor,FermiLab,Shipped on 06/20/24 (batch 0002),TSMC,05/31/24
ECON-D,1000141,0002-PS-1800022,320ICECD1000141,ECON-D from tray 18000 at location 41,Baylor,FermiLab,Shipped on 06/20/24 (batch 0002),TSMC,05/31/24
ECON-D,1000142,0002-PS-1800023,320ICECD1000142,ECON-D from tray 18000 at location 42,Baylor,FermiLab,Shipped on 06/20/24 (batch 0002),TSMC,05/31/24
ECON-D,1000143,0002-PS-1800024,320ICECD1000143,ECON-D from tray 18000 at location 43,Baylor,FermiLab,Shipped on 06/20/24 (batch 0002),TSMC,05/31/24
ECON-D,1000146,0002-PS-1800025,320ICECD1000146,ECON-D from tray 18000 at location 46,Baylor,FermiLab,Shipped on 06/20/24 (batch 0002),TSMC,05/31/24
ECON-D,1000147,0002-PS-1800026,320ICECD1000147,ECON-D from tray 18000 at location 47,Baylor,FermiLab,Shipped on 06/20/24 (batch 0002),TSMC,05/31/24
ECON-D,1000148,0002-PS-1800027,320ICECD1000148,ECON-D from tray 18000 at location 48,Baylor,FermiLab,Shipped on 06/20/24 (batch 0002),TSMC,05/31/24
ECON-D,1000149,0002-PS-1800028,320ICECD1000149,ECON-D from tray 18000 at location 49,Baylor,FermiLab,Shipped on 06/20/24 (batch 0002),TSMC,05/31/24
ECON-D,1000152,0002-PS-1800029,320ICECD1000152,ECON-D from tray 18000 at location 52,Baylor,FermiLab,Shipped on 06/20/24 (batch 0002),TSMC,05/31/24
ECON-D,1000153,0002-PS-1800030,320ICECD1000153,ECON-D from tray 18000 at location 53,Baylor,FermiLab,Shipped on 06/20/24 (batch 0002),TSMC,05/31/24
ECON-D,1000154,0002-PS-1800031,320ICECD1000154,ECON-D from tray 18000 at location 54,Baylor,FermiLab,Shipped on 06/20/24 (batch 0002),TSMC,05/31/24
ECON-D,1000155,0002-PS-1800032,320ICECD1000155,ECON-D from tray 18000 at location 55,Baylor,FermiLab,Shipped on 06/20/24 (batch 0002),TSMC,05/31/24
ECON-D,1000156,0002-PS-1800033,320ICECD1000156,ECON-D from tray 18000 at location 56,Baylor,FermiLab,Shipped on 06/20/24 (batch 0002),TSMC,05/31/24
ECON-D,1000158,0002-PS-1800034,320ICECD1000158,ECON-D from tray 18000 at location 58,Baylor,FermiLab,Shipped on 06/20/24 (batch 0002),TSMC,05/31/24
ECON-D,1000159,0002-PS-1800035,320ICECD1000159,ECON-D from tray 18000 at location 59,Baylor,FermiLab,Shipped on 06/20/24 (batch 0002),TSMC,05/31/24
ECON-D,1000160,0002-PS-1800036,320ICECD1000160,ECON-D from tray 18000 at location 60,Baylor,FermiLab,Shipped on 06/20/24 (batch 0002),TSMC,05/31/24
ECON-D,1000161,0002-PS-1800037,320ICECD1000161,ECON-D from tray 18000 at location 61,Baylor,FermiLab,Shipped on 06/20/24 (batch 0002),TSMC,05/31/24
ECON-D,1000162,0002-PS-1800038,320ICECD1000162,ECON-D from tray 18000 at location 62,Baylor,FermiLab,Shipped on 06/20/24 (batch 0002),TSMC,05/31/24
ECON-D,1000163,0002-PS-1800039,320ICECD1000163,ECON-D from tray 18000 at location 63,Baylor,FermiLab,Shipped on 06/20/24 (batch 0002),TSMC,05/31/24
ECON-D,1000164,0002-PS-1800040,320ICECD1000164,ECON-D from tray 18000 at location 64,Baylor,FermiLab,Shipped on 06/20/24 (batch 0002),TSMC,05/31/24
ECON-D,1000166,0002-PS-1800041,320ICECD1000166,ECON-D from tray 18000 at location 66,Baylor,FermiLab,Shipped on 06/20/24 (batch 0002),TSMC,05/31/24
ECON-D,1000168,0002-PS-1800042,320ICECD1000168,ECON-D from tray 18000 at location 68,Baylor,FermiLab,Shipped on 06/20/24 (batch 0002),TSMC,05/31/24
ECON-D,1000170,0002-PS-1800043,320ICECD1000170,ECON-D from tray 18000 at location 70,Baylor,FermiLab,Shipped on 06/20/24 (batch 0002),TSMC,05/31/24
ECON-D,1000171,0002-PS-1800044,320ICECD1000171,ECON-D from tray 18000 at location 71,Baylor,FermiLab,Shipped on 06/20/24 (batch 0002),TSMC,05/31/24
ECON-D,1000173,0002-PS-1800045,320ICECD1000173,ECON-D from tray 18000 at location 73,Baylor,FermiLab,Shipped on 06/20/24 (batch 0002),TSMC,05/31/24
ECON-D,1000174,0002-PS-1800046,320ICECD1000174,ECON-D from tray 18000 at location 74,Baylor,FermiLab,Shipped on 06/20/24 (batch 0002),TSMC,05/31/24
ECON-D,1000175,0002-PS-1800047,320ICECD1000175,ECON-D from tray 18000 at location 75,Baylor,FermiLab,Shipped on 06/20/24 (batch 0002),TSMC,05/31/24
ECON-D,1000176,0002-PS-1800048,320ICECD1000176,ECON-D from tray 18000 at location 76,Baylor,FermiLab,Shipped on 06/20/24 (batch 0002),TSMC,05/31/24
ECON-D,1000177,0002-PS-1800049,320ICECD1000177,ECON-D from tray 18000 at location 77,Baylor,FermiLab,Shipped on 06/20/24 (batch 0002),TSMC,05/31/24
ECON-D,1000178,0002-PS-1800050,320ICECD1000178,ECON-D from tray 18000 at location 78,Baylor,FermiLab,Shipped on 06/20/24 (batch 0002),TSMC,05/31/24
ECON-D,1000179,0002-PS-1800051,320ICECD1000179,ECON-D from tray 18000 at location 79,Baylor,FermiLab,Shipped on 06/20/24 (batch 0002),TSMC,05/31/24
ECON-D,1000180,0002-PS-1800052,320ICECD1000180,ECON-D from tray 18000 at location 80,Baylor,FermiLab,Shipped on 06/20/24 (batch 0002),TSMC,05/31/24
ECON-D,1000181,0002-PS-1800053,320ICECD1000181,ECON-D from tray 18000 at location 81,Baylor,FermiLab,Shipped on 06/20/24 (batch 0002),TSMC,05/31/24
ECON-D,1000182,0002-PS-1800054,320ICECD1000182,ECON-D from tray 18000 at location 82,Baylor,FermiLab,Shipped on 06/20/24 (batch 0002),TSMC,05/31/24
ECON-D,1000183,0002-PS-1800055,320ICECD1000183,ECON-D from tray 18000 at location 83,Baylor,FermiLab,Shipped on 06/20/24 (batch 0002),TSMC,05/31/24
ECON-D,1000184,0002-PS-1800056,320ICECD1000184,ECON-D from tray 18000 at location 84,Baylor,FermiLab,Shipped on 06/20/24 (batch 0002),TSMC,05/31/24
ECON-D,1000186,0002-PS-1800057,320ICECD1000186,ECON-D from tray 18000 at location 86,Baylor,FermiLab,Shipped on 06/20/24 (batch 0002),TSMC,05/31/24
ECON-D,1000188,0002-PS-1800058,320ICECD1000188,ECON-D from tray 18000 at location 88,Baylor,FermiLab,Shipped on 06/20/24 (batch 0002),TSMC,05/31/24
ECON-D,1000189,0002-PS-1800059,320ICECD1000189,ECON-D from tray 18000 at location 89,Baylor,FermiLab,Shipped on 06/20/24 (batch 0002),TSMC,05/31/24
ECON-D,1000190,0002-PS-1800060,320ICECD1000190,ECON-D from tray 18000 at location 90,Baylor,FermiLab,Shipped on 06/20/24 (batch 0002),TSMC,05/31/24
ECON-D,1000202,0003-PS-1800103,320ICECD1000202,ECON-D from tray 18001 at location 02,Baylor,FermiLab,Shipped on 06/27/24 (batch 0003),TSMC,05/31/24
ECON-D,1000203,0003-PS-1800104,320ICECD1000203,ECON-D from tray 18001 at location 03,Baylor,FermiLab,Shipped on 06/27/24 (batch 0003),TSMC,05/31/24
ECON-D,1000204,0003-PS-1800105,320ICECD1000204,ECON-D from tray 18001 at location 04,Baylor,FermiLab,Shipped on 06/27/24 (batch 0003),TSMC,05/31/24
ECON-D,1000205,0003-PS-1800106,320ICECD1000205,ECON-D from tray 18001 at location 05,Baylor,FermiLab,Shipped on 06/27/24 (batch 0003),TSMC,05/31/24
ECON-D,1000206,0003-PS-1800107,320ICECD1000206,ECON-D from tray 18001 at location 06,Baylor,FermiLab,Shipped on 06/27/24 (batch 0003),TSMC,05/31/24
ECON-D,1000208,0003-PS-1800108,320ICECD1000208,ECON-D from tray 18001 at location 08,Baylor,FermiLab,Shipped on 06/27/24 (batch 0003),TSMC,05/31/24
ECON-D,1000209,0003-PS-1800109,320ICECD1000209,ECON-D from tray 18001 at location 09,Baylor,FermiLab,Shipped on 06/27/24 (batch 0003),TSMC,05/31/24
ECON-D,1000211,0003-PS-1800110,320ICECD1000211,ECON-D from tray 18001 at location 11,Baylor,FermiLab,Shipped on 06/27/24 (batch 0003),TSMC,05/31/24
ECON-D,1000212,0003-PS-1800111,320ICECD1000212,ECON-D from tray 18001 at location 12,Baylor,FermiLab,Shipped on 06/27/24 (batch 0003),TSMC,05/31/24
ECON-D,1000213,0003-PS-1800112,320ICECD1000213,ECON-D from tray 18001 at location 13,Baylor,FermiLab,Shipped on 06/27/24 (batch 0003),TSMC,05/31/24
ECON-D,1000214,0003-PS-1800113,320ICECD1000214,ECON-D from tray 18001 at location 14,Baylor,FermiLab,Shipped on 06/27/24 (batch 0003),TSMC,05/31/24
ECON-D,1000215,0003-PS-1800114,320ICECD1000215,ECON-D from tray 18001 at location 15,Baylor,FermiLab,Shipped on 06/27/24 (batch 0003),TSMC,05/31/24
ECON-D,1000217,0003-PS-1800115,320ICECD1000217,ECON-D from tray 18001 at location 17,Baylor,FermiLab,Shipped on 06/27/24 (batch 0003),TSMC,05/31/24
ECON-D,1000218,0003-PS-1800116,320ICECD1000218,ECON-D from tray 18001 at location 18,Baylor,FermiLab,Shipped on 06/27/24 (batch 0003),TSMC,05/31/24
ECON-D,1000219,0003-PS-1800117,320ICECD1000219,ECON-D from tray 18001 at location 19,Baylor,FermiLab,Shipped on 06/27/24 (batch 0003),TSMC,05/31/24
ECON-D,1000220,0003-PS-1800118,320ICECD1000220,ECON-D from tray 18001 at location 20,Baylor,FermiLab,Shipped on 06/27/24 (batch 0003),TSMC,05/31/24
ECON-D,1000222,0003-PS-1800119,320ICECD1000222,ECON-D from tray 18001 at location 22,Baylor,FermiLab,Shipped on 06/27/24 (batch 0003),TSMC,05/31/24
ECON-D,1000223,0003-PS-1800120,320ICECD1000223,ECON-D from tray 18001 at location 23,Baylor,FermiLab,Shipped on 06/27/24 (batch 0003),TSMC,05/31/24
ECON-D,1000224,0003-PS-1800121,320ICECD1000224,ECON-D from tray 18001 at location 24,Baylor,FermiLab,Shipped on 06/27/24 (batch 0003),TSMC,05/31/24
ECON-D,1000226,0003-PS-1800122,320ICECD1000226,ECON-D from tray 18001 at location 26,Baylor,FermiLab,Shipped on 06/27/24 (batch 0003),TSMC,05/31/24
ECON-D,1000227,0003-PS-1800123,320ICECD1000227,ECON-D from tray 18001 at location 27,Baylor,FermiLab,Shipped on 06/27/24 (batch 0003),TSMC,05/31/24
ECON-D,1000228,0003-PS-1800124,320ICECD1000228,ECON-D from tray 18001 at location 28,Baylor,FermiLab,Shipped on 06/27/24 (batch 0003),TSMC,05/31/24
ECON-D,1000229,0003-PS-1800125,320ICECD1000229,ECON-D from tray 18001 at location 29,Baylor,FermiLab,Shipped on 06/27/24 (batch 0003),TSMC,05/31/24
ECON-D,1000231,0003-PS-1800126,320ICECD1000231,ECON-D from tray 18001 at location 31,Baylor,FermiLab,Shipped on 06/27/24 (batch 0003),TSMC,05/31/24
ECON-D,1000232,0003-PS-1800127,320ICECD1000232,ECON-D from tray 18001 at location 32,Baylor,FermiLab,Shipped on 06/27/24 (batch 0003),TSMC,05/31/24
ECON-D,1000234,0003-PS-1800128,320ICECD1000234,ECON-D from tray 18001 at location 34,Baylor,FermiLab,Shipped on 06/27/24 (batch 0003),TSMC,05/31/24
ECON-D,1000236,0003-PS-1800129,320ICECD1000236,ECON-D from tray 18001 at location 36,Baylor,FermiLab,Shipped on 06/27/24 (batch 0003),TSMC,05/31/24
ECON-D,1000237,0003-PS-1800130,320ICECD1000237,ECON-D from tray 18001 at location 37,Baylor,FermiLab,Shipped on 06/27/24 (batch 0003),TSMC,05/31/24
ECON-D,1000241,0003-PS-1800131,320ICECD1000241,ECON-D from tray 18001 at location 41,Baylor,FermiLab,Shipped on 06/27/24 (batch 0003),TSMC,05/31/24
ECON-D,1000242,0003-PS-1800132,320ICECD1000242,ECON-D from tray 18001 at location 42,Baylor,FermiLab,Shipped on 06/27/24 (batch 0003),TSMC,05/31/24
ECON-D,1000243,0003-PS-1800133,320ICECD1000243,ECON-D from tray 18001 at location 43,Baylor,FermiLab,Shipped on 06/27/24 (batch 0003),TSMC,05/31/24
ECON-D,1000244,0003-PS-1800134,320ICECD1000244,ECON-D from tray 18001 at location 44,Baylor,FermiLab,Shipped on 06/27/24 (batch 0003),TSMC,05/31/24
ECON-D,1000246,0003-PS-1800135,320ICECD1000246,ECON-D from tray 18001 at location 46,Baylor,FermiLab,Shipped on 06/27/24 (batch 0003),TSMC,05/31/24
ECON-D,1000247,0003-PS-1800136,320ICECD1000247,ECON-D from tray 18001 at location 47,Baylor,FermiLab,Shipped on 06/27/24 (batch 0003),TSMC,05/31/24
ECON-D,1000248,0003-PS-1800137,320ICECD1000248,ECON-D from tray 18001 at location 48,Baylor,FermiLab,Shipped on 06/27/24 (batch 0003),TSMC,05/31/24
ECON-D,1000249,0003-PS-1800138,320ICECD1000249,ECON-D from tray 18001 at location 49,Baylor,FermiLab,Shipped on 06/27/24 (batch 0003),TSMC,05/31/24
ECON-D,1000252,0003-PS-1800139,320ICECD1000252,ECON-D from tray 18001 at location 52,Baylor,FermiLab,Shipped on 06/27/24 (batch 0003),TSMC,05/31/24
ECON-D,1000253,0003-PS-1800140,320ICECD1000253,ECON-D from tray 18001 at location 53,Baylor,FermiLab,Shipped on 06/27/24 (batch 0003),TSMC,05/31/24
ECON-D,1000254,0003-PS-1800141,320ICECD1000254,ECON-D from tray 18001 at location 54,Baylor,FermiLab,Shipped on 06/27/24 (batch 0003),TSMC,05/31/24
ECON-D,1000255,0003-PS-1800142,320ICECD1000255,ECON-D from tray 18001 at location 55,Baylor,FermiLab,Shipped on 06/27/24 (batch 0003),TSMC,05/31/24
ECON-D,1000256,0003-PS-1800143,320ICECD1000256,ECON-D from tray 18001 at location 56,Baylor,FermiLab,Shipped on 06/27/24 (batch 0003),TSMC,05/31/24
ECON-D,1000258,0003-PS-1800144,320ICECD1000258,ECON-D from tray 18001 at location 58,Baylor,FermiLab,Shipped on 06/27/24 (batch 0003),TSMC,05/31/24
ECON-D,1000301,0003-PS-1800145,320ICECD1000301,ECON-D from tray 18001 at location 01,Baylor,FermiLab,Shipped on 06/27/24 (batch 0003),TSMC,05/31/24
ECON-D,1000303,0003-PS-1800146,320ICECD1000303,ECON-D from tray 18001 at location 03,Baylor,FermiLab,Shipped on 06/27/24 (batch 0003),TSMC,05/31/24
ECON-D,1000304,0003-PS-1800147,320ICECD1000304,ECON-D from tray 18001 at location 04,Baylor,FermiLab,Shipped on 06/27/24 (batch 0003),TSMC,05/31/24
ECON-D,1000305,0003-PS-1800148,320ICECD1000305,ECON-D from tray 18001 at location 05,Baylor,FermiLab,Shipped on 06/27/24 (batch 0003),TSMC,05/31/24
ECON-D,1000306,0003-PS-1800149,320ICECD1000306,ECON-D from tray 18001 at location 06,Baylor,FermiLab,Shipped on 06/27/24 (batch 0003),TSMC,05/31/24
ECON-D,1000307,0003-PS-1800150,320ICECD1000307,ECON-D from tray 18001 at location 07,Baylor,FermiLab,Shipped on 06/27/24 (batch 0003),TSMC,05/31/24
ECON-D,1000308,0003-PS-1800151,320ICECD1000308,ECON-D from tray 18001 at location 08,Baylor,FermiLab,Shipped on 06/27/24 (batch 0003),TSMC,05/31/24
ECON-D,1000310,0003-PS-1800152,320ICECD1000310,ECON-D from tray 18001 at location 10,Baylor,FermiLab,Shipped on 06/27/24 (batch 0003),TSMC,05/31/24
ECON-D,1000312,0003-PS-1800153,320ICECD1000312,ECON-D from tray 18001 at location 12,Baylor,FermiLab,Shipped on 06/27/24 (batch 0003),TSMC,05/31/24
ECON-D,1000314,0003-PS-1800154,320ICECD1000314,ECON-D from tray 18001 at location 14,Baylor,FermiLab,Shipped on 06/27/24 (batch 0003),TSMC,05/31/24
ECON-D,1000315,0003-PS-1800155,320ICECD1000315,ECON-D from tray 18001 at location 15,Baylor,FermiLab,Shipped on 06/27/24 (batch 0003),TSMC,05/31/24
ECON-D,1000316,0003-PS-1800156,320ICECD1000316,ECON-D from tray 18001 at location 16,Baylor,FermiLab,Shipped on 06/27/24 (batch 0003),TSMC,05/31/24
ECON-D,1000317,0003-PS-1800157,320ICECD1000317,ECON-D from tray 18001 at location 17,Baylor,FermiLab,Shipped on 06/27/24 (batch 0003),TSMC,05/31/24
ECON-D,1000318,0003-PS-1800158,320ICECD1000318,ECON-D from tray 18001 at location 18,Baylor,FermiLab,Shipped on 06/27/24 (batch 0003),TSMC,05/31/24
ECON-D,1000320,0003-PS-1800159,320ICECD1000320,ECON-D from tray 18001 at location 20,Baylor,FermiLab,Shipped on 06/27/24 (batch 0003),TSMC,05/31/24
ECON-D,1000321,0003-PS-1800160,320ICECD1000321,ECON-D from tray 18001 at location 21,Baylor,FermiLab,Shipped on 06/27/24 (batch 0003),TSMC,05/31/24
ECON-D,1000322,0003-PS-1800161,320ICECD1000322,ECON-D from tray 18001 at location 22,Baylor,FermiLab,Shipped on 06/27/24 (batch 0003),TSMC,05/31/24
ECON-D,1000323,0003-PS-1800162,320ICECD1000323,ECON-D from tray 18001 at location 23,Baylor,FermiLab,Shipped on 06/27/24 (batch 0003),TSMC,05/31/24
ECON-D,1000325,0003-PS-1800163,320ICECD1000325,ECON-D from tray 18001 at location 25,Baylor,FermiLab,Shipped on 06/27/24 (batch 0003),TSMC,05/31/24
ECON-D,1000326,0003-PS-1800164,320ICECD1000326,ECON-D from tray 18001 at location 26,Baylor,FermiLab,Shipped on 06/27/24 (batch 0003),TSMC,05/31/24
ECON-D,1000328,0003-PS-1800165,320ICECD1000328,ECON-D from tray 18001 at location 28,Baylor,FermiLab,Shipped on 06/27/24 (batch 0003),TSMC,05/31/24
ECON-D,1000329,0003-PS-1800166,320ICECD1000329,ECON-D from tray 18001 at location 29,Baylor,FermiLab,Shipped on 06/27/24 (batch 0003),TSMC,05/31/24
ECON-D,1000330,0003-PS-1800167,320ICECD1000330,ECON-D from tray 18001 at location 30,Baylor,FermiLab,Shipped on 06/27/24 (batch 0003),TSMC,05/31/24
ECON-D,1000332,0003-PS-1800168,320ICECD1000332,ECON-D from tray 18001 at location 32,Baylor,FermiLab,Shipped on 06/27/24 (batch 0003),TSMC,05/31/24
ECON-D,1000334,0003-PS-1800169,320ICECD1000334,ECON-D from tray 18001 at location 34,Baylor,FermiLab,Shipped on 06/27/24 (batch 0003),TSMC,05/31/24
ECON-D,1000335,0003-PS-1800170,320ICECD1000335,ECON-D from tray 18001 at location 35,Baylor,FermiLab,Shipped on 06/27/24 (batch 0003),TSMC,05/31/24
ECON-D,1000336,0003-PS-1800171,320ICECD1000336,ECON-D from tray 18001 at location 36,Baylor,FermiLab,Shipped on 06/27/24 (batch 0003),TSMC,05/31/24
ECON-D,1000337,0003-PS-1800172,320ICECD1000337,ECON-D from tray 18001 at location 37,Baylor,FermiLab,Shipped on 06/27/24 (batch 0003),TSMC,05/31/24
ECON-D,1000339,0003-PS-1800173,320ICECD1000339,ECON-D from tray 18001 at location 39,Baylor,FermiLab,Shipped on 06/27/24 (batch 0003),TSMC,05/31/24
ECON-D,1000340,0003-PS-1800174,320ICECD1000340,ECON-D from tray 18001 at location 40,Baylor,FermiLab,Shipped on 06/27/24 (batch 0003),TSMC,05/31/24
ECON-D,1000342,0003-PS-1800175,320ICECD1000342,ECON-D from tray 18001 at location 42,Baylor,FermiLab,Shipped on 06/27/24 (batch 0003),TSMC,05/31/24
ECON-D,1000343,0003-PS-1800176,320ICECD1000343,ECON-D from tray 18001 at location 43,Baylor,FermiLab,Shipped on 06/27/24 (batch 0003),TSMC,05/31/24
ECON-D,1000345,0003-PS-1800177,320ICECD1000345,ECON-D from tray 18001 at location 45,Baylor,FermiLab,Shipped on 06/27/24 (batch 0003),TSMC,05/31/24
ECON-D,1000346,0003-PS-1800178,320ICECD1000346,ECON-D from tray 18001 at location 46,Baylor,FermiLab,Shipped on 06/27/24 (batch 0003),TSMC,05/31/24
ECON-D,1000347,0003-PS-1800179,320ICECD1000347,ECON-D from tray 18001 at location 47,Baylor,FermiLab,Shipped on 06/27/24 (batch 0003),TSMC,05/31/24
ECON-D,1000348,0003-PS-1800180,320ICECD1000348,ECON-D from tray 18001 at location 48,Baylor,FermiLab,Shipped on 06/27/24 (batch 0003),TSMC,05/31/24
ECON-D,1000349,0003-PS-1800181,320ICECD1000349,ECON-D from tray 18001 at location 49,Baylor,FermiLab,Shipped on 06/27/24 (batch 0003),TSMC,05/31/24
ECON-D,1000351,0003-PS-1800182,320ICECD1000351,ECON-D from tray 18001 at location 51,Baylor,FermiLab,Shipped on 06/27/24 (batch 0003),TSMC,05/31/24
ECON-D,1000352,0003-PS-1800183,320ICECD1000352,ECON-D from tray 18001 at location 52,Baylor,FermiLab,Shipped on 06/27/24 (batch 0003),TSMC,05/31/24
ECON-D,1000355,0003-PS-1800184,320ICECD1000355,ECON-D from tray 18001 at location 55,Baylor,FermiLab,Shipped on 06/27/24 (batch 0003),TSMC,05/31/24
ECON-D,1000356,0003-PS-1800185,320ICECD1000356,ECON-D from tray 18001 at location 56,Baylor,FermiLab,Shipped on 06/27/24 (batch 0003),TSMC,05/31/24
ECON-D,1000357,0003-PS-1800186,320ICECD1000357,ECON-D from tray 18001 at location 57,Baylor,FermiLab,Shipped on 06/27/24 (batch 0003),TSMC,05/31/24
ECON-D,1000358,0003-PS-1800187,320ICECD1000358,ECON-D from tray 18001 at location 58,Baylor,FermiLab,Shipped on 06/27/24 (batch 0003),TSMC,05/31/24
ECON-D,1000359,0003-PS-1800188,320ICECD1000359,ECON-D from tray 18001 at location 59,Baylor,FermiLab,Shipped on 06/27/24 (batch 0003),TSMC,05/31/24
ECON-D,1000361,0003-PS-1800189,320ICECD1000361,ECON-D from tray 18001 at location 61,Baylor,FermiLab,Shipped on 06/27/24 (batch 0003),TSMC,05/31/24
ECON-D,1000362,0003-PS-1800190,320ICECD1000362,ECON-D from tray 18001 at location 62,Baylor,FermiLab,Shipped on 06/27/24 (batch 0003),TSMC,05/31/24
ECON-T,0000115,0003-PS-0800101,321ICECT0000115,ECON-T from tray 08001 at location 15,Baylor,FermiLab,Shipped on 06/27/24 (batch 0003),TSMC,05/31/24
ECON-T,0000116,0003-PS-0800102,321ICECT0000116,ECON-T from tray 08001 at location 16,Baylor,FermiLab,Shipped on 06/27/24 (batch 0003),TSMC,05/31/24
ECON-T,0000117,0003-PS-0800103,321ICECT0000117,ECON-T from tray 08001 at location 17,Baylor,FermiLab,Shipped on 06/27/24 (batch 0003),TSMC,05/31/24
ECON-T,0000118,0003-PS-0800104,321ICECT0000118,ECON-T from tray 08001 at location 18,Baylor,FermiLab,Shipped on 06/27/24 (batch 0003),TSMC,05/31/24
ECON-T,0000119,0003-PS-0800105,321ICECT0000119,ECON-T from tray 08001 at location 19,Baylor,FermiLab,Shipped on 06/27/24 (batch 0003),TSMC,05/31/24
ECON-T,0000120,0003-PS-0800106,321ICECT0000120,ECON-T from tray 08001 at location 20,Baylor,FermiLab,Shipped on 06/27/24 (batch 0003),TSMC,05/31/24
ECON-T,0000121,0003-PS-0800107,321ICECT0000121,ECON-T from tray 08001 at location 21,Baylor,FermiLab,Shipped on 06/27/24 (batch 0003),TSMC,05/31/24
ECON-T,0000122,0003-PS-0800108,321ICECT0000122,ECON-T from tray 08001 at location 22,Baylor,FermiLab,Shipped on 06/27/24 (batch 0003),TSMC,05/31/24
ECON-T,0000123,0003-PS-0800109,321ICECT0000123,ECON-T from tray 08001 at location 23,Baylor,FermiLab,Shipped on 06/27/24 (batch 0003),TSMC,05/31/24
ECON-T,0000124,0003-PS-0800110,321ICECT0000124,ECON-T from tray 08001 at location 24,Baylor,FermiLab,Shipped on 06/27/24 (batch 0003),TSMC,05/31/24
ECON-T,0000125,0003-PS-0800111,321ICECT0000125,ECON-T from tray 08001 at location 25,Baylor,FermiLab,Shipped on 06/27/24 (batch 0003),TSMC,05/31/24
ECON-T,0000128,0002-PS-0800001,321ICECT0000128,ECON-T from tray 08000 at location 28,Baylor,FermiLab,Shipped on 06/20/24 (batch 0002),TSMC,05/31/24
ECON-T,0000129,0002-PS-0800002,321ICECT0000129,ECON-T from tray 08000 at location 29,Baylor,FermiLab,Shipped on 06/20/24 (batch 0002),TSMC,05/31/24
ECON-T,0000130,0002-PS-0800003,321ICECT0000130,ECON-T from tray 08000 at location 30,Baylor,FermiLab,Shipped on 06/20/24 (batch 0002),TSMC,05/31/24
ECON-T,0000131,0002-PS-0800004,321ICECT0000131,ECON-T from tray 08000 at location 31,Baylor,FermiLab,Shipped on 06/20/24 (batch 0002),TSMC,05/31/24
ECON-T,0000133,0002-PS-0800005,321ICECT0000133,ECON-T from tray 08000 at location 33,Baylor,FermiLab,Shipped on 06/20/24 (batch 0002),TSMC,05/31/24
ECON-T,0000134,0002-PS-0800006,321ICECT0000134,ECON-T from tray 08000 at location 34,Baylor,FermiLab,Shipped on 06/20/24 (batch 0002),TSMC,05/31/24
ECON-T,0000135,0002-PS-0800007,321ICECT0000135,ECON-T from tray 08000 at location 35,Baylor,FermiLab,Shipped on 06/20/24 (batch 0002),TSMC,05/31/24
ECON-T,0000136,0002-PS-0800008,321ICECT0000136,ECON-T from tray 08000 at location 36,Baylor,FermiLab,Shipped on 06/20/24 (batch 0002),TSMC,05/31/24
ECON-T,0000137,0002-PS-0800009,321ICECT0000137,ECON-T from tray 08000 at location 37,Baylor,FermiLab,Shipped on 06/20/24 (batch 0002),TSMC,05/31/24
ECON-T,0000138,0002-PS-0800010,321ICECT0000138,ECON-T from tray 08000 at location 38,Baylor,FermiLab,Shipped on 06/20/24 (batch 0002),TSMC,05/31/24
ECON-T,0000139,0002-PS-0800011,321ICECT0000139,ECON-T from tray 08000 at location 39,Baylor,FermiLab,Shipped on 06/20/24 (batch 0002),TSMC,05/31/24
ECON-T,0000140,0002-PS-0800012,321ICECT0000140,ECON-T from tray 08000 at location 40,Baylor,FermiLab,Shipped on 06/20/24 (batch 0002),TSMC,05/31/24
ECON-T,0000141,0002-PS-0800013,321ICECT0000141,ECON-T from tray 08000 at location 41,Baylor,FermiLab,Shipped on 06/20/24 (batch 0002),TSMC,05/31/24
ECON-T,0000142,0002-PS-0800014,321ICECT0000142,ECON-T from tray 08000 at location 42,Baylor,FermiLab,Shipped on 06/20/24 (batch 0002),TSMC,05/31/24
ECON-T,0000143,0002-PS-0800015,321ICECT0000143,ECON-T from tray 08000 at location 43,Baylor,FermiLab,Shipped on 06/20/24 (batch 0002),TSMC,05/31/24
ECON-T,0000144,0002-PS-0800016,321ICECT0000144,ECON-T from tray 08000 at location 44,Baylor,FermiLab,Shipped on 06/20/24 (batch 0002),TSMC,05/31/24
ECON-T,0000145,0002-PS-0800017,321ICECT0000145,ECON-T from tray 08000 at location 45,Baylor,FermiLab,Shipped on 06/20/24 (batch 0002),TSMC,05/31/24
ECON-T,0000146,0002-PS-0800018,321ICECT0000146,ECON-T from tray 08000 at location 46,Baylor,FermiLab,Shipped on 06/20/24 (batch 0002),TSMC,05/31/24
ECON-T,0000147,0002-PS-0800019,321ICECT0000147,ECON-T from tray 08000 at location 47,Baylor,FermiLab,Shipped on 06/20/24 (batch 0002),TSMC,05/31/24
ECON-T,0000148,0002-PS-0800020,321ICECT0000148,ECON-T from tray 08000 at location 48,Baylor,FermiLab,Shipped on 06/20/24 (batch 0002),TSMC,05/31/24
ECON-T,0000149,0002-PS-0800021,321ICECT0000149,ECON-T from tray 08000 at location 49,Baylor,FermiLab,Shipped on 06/20/24 (batch 0002),TSMC,05/31/24
ECON-T,0000150,0002-PS-0800022,321ICECT0000150,ECON-T from tray 08000 at location 50,Baylor,FermiLab,Shipped on 06/20/24 (batch 0002),TSMC,05/31/24
ECON-T,0000151,0002-PS-0800023,321ICECT0000151,ECON-T from tray 08000 at location 51,Baylor,FermiLab,Shipped on 06/20/24 (batch 0002),TSMC,05/31/24
ECON-T,0000152,0002-PS-0800024,321ICECT0000152,ECON-T from tray 08000 at location 52,Baylor,FermiLab,Shipped on 06/20/24 (batch 0002),TSMC,05/31/24
ECON-T,0000154,0002-PS-0800025,321ICECT0000154,ECON-T from tray 08000 at location 54,Baylor,FermiLab,Shipped on 06/20/24 (batch 0002),TSMC,05/31/24
ECON-T,0000155,0002-PS-0800026,321ICECT0000155,ECON-T from tray 08000 at location 55,Baylor,FermiLab,Shipped on 06/20/24 (batch 0002),TSMC,05/31/24
ECON-T,0000156,0002-PS-0800027,321ICECT0000156,ECON-T from tray 08000 at location 56,Baylor,FermiLab,Shipped on 06/20/24 (batch 0002),TSMC,05/31/24
ECON-T,0000157,0002-PS-0800028,321ICECT0000157,ECON-T from tray 08000 at location 57,Baylor,FermiLab,Shipped on 06/20/24 (batch 0002),TSMC,05/31/24
ECON-T,0000158,0002-PS-0800029,321ICECT0000158,ECON-T from tray 08000 at location 58,Baylor,FermiLab,Shipped on 06/20/24 (batch 0002),TSMC,05/31/24
ECON-T,0000159,0002-PS-0800030,321ICECT0000159,ECON-T from tray 08000 at location 59,Baylor,FermiLab,Shipped on 06/20/24 (batch 0002),TSMC,05/31/24
ECON-T,0000160,0002-PS-0800031,321ICECT0000160,ECON-T from tray 08000 at location 60,Baylor,FermiLab,Shipped on 06/20/24 (batch 0002),TSMC,05/31/24
ECON-T,0000161,0002-PS-0800032,321ICECT0000161,ECON-T from tray 08000 at location 61,Baylor,FermiLab,Shipped on 06/20/24 (batch 0002),TSMC,05/31/24
ECON-T,0000163,0002-PS-0800033,321ICECT0000163,ECON-T from tray 08000 at location 63,Baylor,FermiLab,Shipped on 06/20/24 (batch 0002),TSMC,05/31/24
ECON-T,0000164,0002-PS-0800034,321ICECT0000164,ECON-T from tray 08000 at location 64,Baylor,FermiLab,Shipped on 06/20/24 (batch 0002),TSMC,05/31/24
ECON-T,0000165,0002-PS-0800035,321ICECT0000165,ECON-T from tray 08000 at location 65,Baylor,FermiLab,Shipped on 06/20/24 (batch 0002),TSMC,05/31/24
ECON-T,0000166,0002-PS-0800036,321ICECT0000166,ECON-T from tray 08000 at location 66,Baylor,FermiLab,Shipped on 06/20/24 (batch 0002),TSMC,05/31/24
ECON-T,0000167,0002-PS-0800037,321ICECT0000167,ECON-T from tray 08000 at location 67,Baylor,FermiLab,Shipped on 06/20/24 (batch 0002),TSMC,05/31/24
ECON-T,0000168,0002-PS-0800038,321ICECT0000168,ECON-T from tray 08000 at location 68,Baylor,FermiLab,Shipped on 06/20/24 (batch 0002),TSMC,05/31/24
ECON-T,0000169,0002-PS-0800039,321ICECT0000169,ECON-T from tray 08000 at location 69,Baylor,FermiLab,Shipped on 06/20/24 (batch 0002),TSMC,05/31/24
ECON-T,0000170,0002-PS-0800040,321ICECT0000170,ECON-T from tray 08000 at location 70,Baylor,FermiLab,Shipped on 06/20/24 (batch 0002),TSMC,05/31/24
ECON-T,0000171,0002-PS-0800041,321ICECT0000171,ECON-T from tray 08000 at location 71,Baylor,FermiLab,Shipped on 06/20/24 (batch 0002),TSMC,05/31/24
ECON-T,0000172,0002-PS-0800042,321ICECT0000172,ECON-T from tray 08000 at location 72,Baylor,FermiLab,Shipped on 06/20/24 (batch 0002),TSMC,05/31/24
ECON-T,0000173,0002-PS-0800043,321ICECT0000173,ECON-T from tray 08000 at location 73,Baylor,FermiLab,Shipped on 06/20/24 (batch 0002),TSMC,05/31/24
ECON-T,0000174,0002-PS-0800044,321ICECT0000174,ECON-T from tray 08000 at location 74,Baylor,FermiLab,Shipped on 06/20/24 (batch 0002),TSMC,05/31/24
ECON-T,0000175,0002-PS-0800045,321ICECT0000175,ECON-T from tray 08000 at location 75,Baylor,FermiLab,Shipped on 06/20/24 (batch 0002),TSMC,05/31/24
ECON-T,0000176,0002-PS-0800046,321ICECT0000176,ECON-T from tray 08000 at location 76,Baylor,FermiLab,Shipped on 06/20/24 (batch 0002),TSMC,05/31/24
ECON-T,0000177,0002-PS-0800047,321ICECT0000177,ECON-T from tray 08000 at location 77,Baylor,FermiLab,Shipped on 06/20/24 (batch 0002),TSMC,05/31/24
ECON-T,0000178,0002-PS-0800048,321ICECT0000178,ECON-T from tray 08000 at location 78,Baylor,FermiLab,Shipped on 06/20/24 (batch 0002),TSMC,05/31/24
ECON-T,0000179,0002-PS-0800049,321ICECT0000179,ECON-T from tray 08000 at location 79,Baylor,FermiLab,Shipped on 06/20/24 (batch 0002),TSMC,05/31/24
ECON-T,0000180,0002-PS-0800050,321ICECT0000180,ECON-T from tray 08000 at location 80,Baylor,FermiLab,Shipped on 06/20/24 (batch 0002),TSMC,05/31/24
ECON-T,0000181,0002-PS-0800051,321ICECT0000181,ECON-T from tray 08000 at location 81,Baylor,FermiLab,Shipped on 06/20/24 (batch 0002),TSMC,05/31/24
ECON-T,0000182,0002-PS-0800052,321ICECT0000182,ECON-T from tray 08000 at location 82,Baylor,FermiLab,Shipped on 06/20/24 (batch 0002),TSMC,05/31/24
ECON-T,0000183,0002-PS-0800053,321ICECT0000183,ECON-T from tray 08000 at location 83,Baylor,FermiLab,Shipped on 06/20/24 (batch 0002),TSMC,05/31/24
ECON-T,0000184,0002-PS-0800054,321ICECT0000184,ECON-T from tray 08000 at location 84,Baylor,FermiLab,Shipped on 06/20/24 (batch 0002),TSMC,05/31/24
ECON-T,0000185,0002-PS-0800055,321ICECT0000185,ECON-T from tray 08000 at location 85,Baylor,FermiLab,Shipped on 06/20/24 (batch 0002),TSMC,05/31/24
ECON-T,0000186,0002-PS-0800056,321ICECT0000186,ECON-T from tray 08000 at location 86,Baylor,FermiLab,Shipped on 06/20/24 (batch 0002),TSMC,05/31/24
ECON-T,0000187,0002-PS-0800057,321ICECT0000187,ECON-T from tray 08000 at location 87,Baylor,FermiLab,Shipped on 06/20/24 (batch 0002),TSMC,05/31/24
ECON-T,0000188,0002-PS-0800058,321ICECT0000188,ECON-T from tray 08000 at location 88,Baylor,FermiLab,Shipped on 06/20/24 (batch 0002),TSMC,05/31/24
ECON-T,0000189,0002-PS-0800059,321ICECT0000189,ECON-T from tray 08000 at location 89,Baylor,FermiLab,Shipped on 06/20/24 (batch 0002),TSMC,05/31/24
ECON-T,0000190,0002-PS-0800060,321ICECT0000190,ECON-T from tray 08000 at location 90,Baylor,FermiLab,Shipped on 06/20/24 (batch 0002),TSMC,05/31/24
ECON-T,0000208,0003-PS-0800112,321ICECT0000208,ECON-T from tray 08001 at location 08,Baylor,FermiLab,Shipped on 06/27/24 (batch 0003),TSMC,05/31/24
ECON-T,0000209,0003-PS-0800113,321ICECT0000209,ECON-T from tray 08001 at location 09,Baylor,FermiLab,Shipped on 06/27/24 (batch 0003),TSMC,05/31/24
ECON-T,0000210,0003-PS-0800114,321ICECT0000210,ECON-T from tray 08001 at location 10,Baylor,FermiLab,Shipped on 06/27/24 (batch 0003),TSMC,05/31/24
ECON-T,0000211,0003-PS-0800115,321ICECT0000211,ECON-T from tray 08001 at location 11,Baylor,FermiLab,Shipped on 06/27/24 (batch 0003),TSMC,05/31/24
ECON-T,0000213,0003-PS-0800116,321ICECT0000213,ECON-T from tray 08001 at location 13,Baylor,FermiLab,Shipped on 06/27/24 (batch 0003),TSMC,05/31/24
ECON-T,0000214,0003-PS-0800117,321ICECT0000214,ECON-T from tray 08001 at location 14,Baylor,FermiLab,Shipped on 06/27/24 (batch 0003),TSMC,05/31/24
ECON-T,0000215,0003-PS-0800118,321ICECT0000215,ECON-T from tray 08001 at location 15,Baylor,FermiLab,Shipped on 06/27/24 (batch 0003),TSMC,05/31/24
ECON-T,0000216,0003-PS-0800119,321ICECT0000216,ECON-T from tray 08001 at location 16,Baylor,FermiLab,Shipped on 06/27/24 (batch 0003),TSMC,05/31/24
ECON-T,0000217,0003-PS-0800120,321ICECT0000217,ECON-T from tray 08001 at location 17,Baylor,FermiLab,Shipped on 06/27/24 (batch 0003),TSMC,05/31/24
ECON-T,0000218,0003-PS-0800121,321ICECT0000218,ECON-T from tray 08001 at location 18,Baylor,FermiLab,Shipped on 06/27/24 (batch 0003),TSMC,05/31/24
ECON-T,0000219,0003-PS-0800122,321ICECT0000219,ECON-T from tray 08001 at location 19,Baylor,FermiLab,Shipped on 06/27/24 (batch 0003),TSMC,05/31/24
ECON-T,0000220,0003-PS-0800123,321ICECT0000220,ECON-T from tray 08001 at location 20,Baylor,FermiLab,Shipped on 06/27/24 (batch 0003),TSMC,05/31/24
ECON-T,0000221,0003-PS-0800124,321ICECT0000221,ECON-T from tray 08001 at location 21,Baylor,FermiLab,Shipped on 06/27/24 (batch 0003),TSMC,05/31/24
ECON-T,0000222,0003-PS-0800125,321ICECT0000222,ECON-T from tray 08001 at location 22,Baylor,FermiLab,Shipped on 06/27/24 (batch 0003),TSMC,05/31/24
ECON-T,0000223,0003-PS-0800126,321ICECT0000223,ECON-T from tray 08001 at location 23,Baylor,FermiLab,Shipped on 06/27/24 (batch 0003),TSMC,05/31/24
ECON-T,0000224,0003-PS-0800127,321ICECT0000224,ECON-T from tray 08001 at location 24,Baylor,FermiLab,Shipped on 06/27/24 (batch 0003),TSMC,05/31/24
ECON-T,0000225,0003-PS-0800128,321ICECT0000225,ECON-T from tray 08001 at location 25,Baylor,FermiLab,Shipped on 06/27/24 (batch 0003),TSMC,05/31/24
ECON-T,0000226,0003-PS-0800129,321ICECT0000226,ECON-T from tray 08001 at location 26,Baylor,FermiLab,Shipped on 06/27/24 (batch 0003),TSMC,05/31/24
ECON-T,0000227,0003-PS-0800130,321ICECT0000227,ECON-T from tray 08001 at location 27,Baylor,FermiLab,Shipped on 06/27/24 (batch 0003),TSMC,05/31/24
ECON-T,0000228,0003-PS-0800131,321ICECT0000228,ECON-T from tray 08001 at location 28,Baylor,FermiLab,Shipped on 06/27/24 (batch 0003),TSMC,05/31/24
ECON-T,0000229,0003-PS-0800132,321ICECT0000229,ECON-T from tray 08001 at location 29,Baylor,FermiLab,Shipped on 06/27/24 (batch 0003),TSMC,05/31/24
ECON-T,0000230,0003-PS-0800133,321ICECT0000230,ECON-T from tray 08001 at location 30,Baylor,FermiLab,Shipped on 06/27/24 (batch 0003),TSMC,05/31/24
ECON-T,0000231,0003-PS-0800134,321ICECT0000231,ECON-T from tray 08001 at location 31,Baylor,FermiLab,Shipped on 06/27/24 (batch 0003),TSMC,05/31/24
ECON-T,0000232,0003-PS-0800135,321ICECT0000232,ECON-T from tray 08001 at location 32,Baylor,FermiLab,Shipped on 06/27/24 (batch 0003),TSMC,05/31/24
ECON-T,0000233,0003-PS-0800136,321ICECT0000233,ECON-T from tray 08001 at location 33,Baylor,FermiLab,Shipped on 06/27/24 (batch 0003),TSMC,05/31/24
ECON-T,0000234,0003-PS-0800137,321ICECT0000234,ECON-T from tray 08001 at location 34,Baylor,FermiLab,Shipped on 06/27/24 (batch 0003),TSMC,05/31/24
ECON-T,0000235,0003-PS-0800138,321ICECT0000235,ECON-T from tray 08001 at location 35,Baylor,FermiLab,Shipped on 06/27/24 (batch 0003),TSMC,05/31/24
ECON-T,0000236,0003-PS-0800139,321ICECT0000236,ECON-T from tray 08001 at location 36,Baylor,FermiLab,Shipped on 06/27/24 (batch 0003),TSMC,05/31/24
ECON-T,0000237,0003-PS-0800140,321ICECT0000237,ECON-T from tray 08001 at location 37,Baylor,FermiLab,Shipped on 06/27/24 (batch 0003),TSMC,05/31/24
ECON-T,0000238,0003-PS-0800141,321ICECT0000238,ECON-T from tray 08001 at location 38,Baylor,FermiLab,Shipped on 06/27/24 (batch 0003),TSMC,05/31/24
ECON-T,0000239,0003-PS-0800142,321ICECT0000239,ECON-T from tray 08001 at location 39,Baylor,FermiLab,Shipped on 06/27/24 (batch 0003),TSMC,05/31/24
ECON-T,0000240,0003-PS-0800143,321ICECT0000240,ECON-T from tray 08001 at location 40,Baylor,FermiLab,Shipped on 06/27/24 (batch 0003),TSMC,05/31/24
ECON-T,0000241,0003-PS-0800144,321ICECT0000241,ECON-T from tray 08001 at location 41,Baylor,FermiLab,Shipped on 06/27/24 (batch 0003),TSMC,05/31/24
ECON-T,0000243,0003-PS-0800145,321ICECT0000243,ECON-T from tray 08001 at location 43,Baylor,FermiLab,Shipped on 06/27/24 (batch 0003),TSMC,05/31/24
ECON-T,0000244,0003-PS-0800146,321ICECT0000244,ECON-T from tray 08001 at location 44,Baylor,FermiLab,Shipped on 06/27/24 (batch 0003),TSMC,05/31/24
ECON-T,0000245,0003-PS-0800147,321ICECT0000245,ECON-T from tray 08001 at location 45,Baylor,FermiLab,Shipped on 06/27/24 (batch 0003),TSMC,05/31/24
ECON-T,0000246,0003-PS-0800148,321ICECT0000246,ECON-T from tray 08001 at location 46,Baylor,FermiLab,Shipped on 06/27/24 (batch 0003),TSMC,05/31/24
ECON-T,0000247,0003-PS-0800149,321ICECT0000247,ECON-T from tray 08001 at location 47,Baylor,FermiLab,Shipped on 06/27/24 (batch 0003),TSMC,05/31/24
ECON-T,0000248,0003-PS-0800150,321ICECT0000248,ECON-T from tray 08001 at location 48,Baylor,FermiLab,Shipped on 06/27/24 (batch 0003),TSMC,05/31/24
ECON-T,0000249,0003-PS-0800151,321ICECT0000249,ECON-T from tray 08001 at location 49,Baylor,FermiLab,Shipped on 06/27/24 (batch 0003),TSMC,05/31/24
ECON-T,0000250,0003-PS-0800152,321ICECT0000250,ECON-T from tray 08001 at location 50,Baylor,FermiLab,Shipped on 06/27/24 (batch 0003),TSMC,05/31/24
ECON-T,0000252,0003-PS-0800153,321ICECT0000252,ECON-T from tray 08001 at location 52,Baylor,FermiLab,Shipped on 06/27/24 (batch 0003),TSMC,05/31/24
ECON-T,0000253,0003-PS-0800154,321ICECT0000253,ECON-T from tray 08001 at location 53,Baylor,FermiLab,Shipped on 06/27/24 (batch 0003),TSMC,05/31/24
ECON-T,0000254,0003-PS-0800155,321ICECT0000254,ECON-T from tray 08001 at location 54,Baylor,FermiLab,Shipped on 06/27/24 (batch 0003),TSMC,05/31/24
ECON-T,0000255,0003-PS-0800156,321ICECT0000255,ECON-T from tray 08001 at location 55,Baylor,FermiLab,Shipped on 06/27/24 (batch 0003),TSMC,05/31/24
ECON-T,0000256,0003-PS-0800157,321ICECT0000256,ECON-T from tray 08001 at location 56,Baylor,FermiLab,Shipped on 06/27/24 (batch 0003),TSMC,05/31/24
ECON-T,0000257,0003-PS-0800158,321ICECT0000257,ECON-T from tray 08001 at location 57,Baylor,FermiLab,Shipped on 06/27/24 (batch 0003),TSMC,05/31/24
ECON-T,0000258,0003-PS-0800159,321ICECT0000258,ECON-T from tray 08001 at location 58,Baylor,FermiLab,Shipped on 06/27/24 (batch 0003),TSMC,05/31/24
ECON-T,0000259,0003-PS-0800160,321ICECT0000259,ECON-T from tray 08001 at location 59,Baylor,FermiLab,Shipped on 06/27/24 (batch 0003),TSMC,05/31/24
ECON-T,0000260,0003-PS-0800161,321ICECT0000260,ECON-T from tray 08001 at location 60,Baylor,FermiLab,Shipped on 06/27/24 (batch 0003),TSMC,05/31/24
ECON-T,0000261,0003-PS-0800162,321ICECT0000261,ECON-T from tray 08001 at location 61,Baylor,FermiLab,Shipped on 06/27/24 (batch 0003),TSMC,05/31/24
ECON-T,0000262,0003-PS-0800163,321ICECT0000262,ECON-T from tray 08001 at location 62,Baylor,FermiLab,Shipped on 06/27/24 (batch 0003),TSMC,05/31/24
ECON-T,0000263,0003-PS-0800164,321ICECT0000263,ECON-T from tray 08001 at location 63,Baylor,FermiLab,Shipped on 06/27/24 (batch 0003),TSMC,05/31/24
ECON-T,0000264,0003-PS-0800165,321ICECT0000264,ECON-T from tray 08001 at location 64,Baylor,FermiLab,Shipped on 06/27/24 (batch 0003),TSMC,05/31/24
ECON-T,0000265,0003-PS-0800166,321ICECT0000265,ECON-T from tray 08001 at location 65,Baylor,FermiLab,Shipped on 06/27/24 (batch 0003),TSMC,05/31/24
ECON-T,0000266,0003-PS-0800167,321ICECT0000266,ECON-T from tray 08001 at location 66,Baylor,FermiLab,Shipped on 06/27/24 (batch 0003),TSMC,05/31/24
ECON-T,0000267,0003-PS-0800168,321ICECT0000267,ECON-T from tray 08001 at location 67,Baylor,FermiLab,Shipped on 06/27/24 (batch 0003),TSMC,05/31/24
ECON-T,0000268,0003-PS-0800169,321ICECT0000268,ECON-T from tray 08001 at location 68,Baylor,FermiLab,Shipped on 06/27/24 (batch 0003),TSMC,05/31/24
ECON-T,0000269,0003-PS-0800170,321ICECT0000269,ECON-T from tray 08001 at location 69,Baylor,FermiLab,Shipped on 06/27/24 (batch 0003),TSMC,05/31/24
ECON-T,0000270,0003-PS-0800171,321ICECT0000270,ECON-T from tray 08001 at location 70,Baylor,FermiLab,Shipped on 06/27/24 (batch 0003),TSMC,05/31/24
ECON-T,0000271,0003-PS-0800172,321ICECT0000271,ECON-T from tray 08001 at location 71,Baylor,FermiLab,Shipped on 06/27/24 (batch 0003),TSMC,05/31/24
ECON-T,0000272,0003-PS-0800173,321ICECT0000272,ECON-T from tray 08001 at location 72,Baylor,FermiLab,Shipped on 06/27/24 (batch 0003),TSMC,05/31/24
ECON-T,0000273,0003-PS-0800174,321ICECT0000273,ECON-T from tray 08001 at location 73,Baylor,FermiLab,Shipped on 06/27/24 (batch 0003),TSMC,05/31/24
ECON-T,0000274,0003-PS-0800175,321ICECT0000274,ECON-T from tray 08001 at location 74,Baylor,FermiLab,Shipped on 06/27/24 (batch 0003),TSMC,05/31/24
ECON-T,0000275,0003-PS-0800176,321ICECT0000275,ECON-T from tray 08001 at location 75,Baylor,FermiLab,Shipped on 06/27/24 (batch 0003),TSMC,05/31/24
ECON-T,0000276,0003-PS-0800177,321ICECT0000276,ECON-T from tray 08001 at location 76,Baylor,FermiLab,Shipped on 06/27/24 (batch 0003),TSMC,05/31/24
ECON-T,0000277,0003-PS-0800178,321ICECT0000277,ECON-T from tray 08001 at location 77,Baylor,FermiLab,Shipped on 06/27/24 (batch 0003),TSMC,05/31/24
ECON-T,0000278,0003-PS-0800179,321ICECT0000278,ECON-T from tray 08001 at location 78,Baylor,FermiLab,Shipped on 06/27/24 (batch 0003),TSMC,05/31/24
ECON-T,0000279,0003-PS-0800180,321ICECT0000279,ECON-T from tray 08001 at location 79,Baylor,FermiLab,Shipped on 06/27/24 (batch 0003),TSMC,05/31/24
ECON-T,0000280,0003-PS-0800181,321ICECT0000280,ECON-T from tray 08001 at location 80,Baylor,FermiLab,Shipped on 06/27/24 (batch 0003),TSMC,05/31/24
ECON-T,0000281,0003-PS-0800182,321ICECT0000281,ECON-T from tray 08001 at location 81,Baylor,FermiLab,Shipped on 06/27/24 (batch 0003),TSMC,05/31/24
ECON-T,0000282,0003-PS-0800183,321ICECT0000282,ECON-T from tray 08001 at location 82,Baylor,FermiLab,Shipped on 06/27/24 (batch 0003),TSMC,05/31/24
ECON-T,0000283,0003-PS-0800184,321ICECT0000283,ECON-T from tray 08001 at location 83,Baylor,FermiLab,Shipped on 06/27/24 (batch 0003),TSMC,05/31/24
ECON-T,0000284,0003-PS-0800185,321ICECT0000284,ECON-T from tray 08001 at location 84,Baylor,FermiLab,Shipped on 06/27/24 (batch 0003),TSMC,05/31/24
ECON-T,0000285,0003-PS-0800186,321ICECT0000285,ECON-T from tray 08001 at location 85,Baylor,FermiLab,Shipped on 06/27/24 (batch 0003),TSMC,05/31/24
ECON-T,0000286,0003-PS-0800187,321ICECT0000286,ECON-T from tray 08001 at location 86,Baylor,FermiLab,Shipped on 06/27/24 (batch 0003),TSMC,05/31/24
ECON-T,0000287,0003-PS-0800188,321ICECT0000287,ECON-T from tray 08001 at location 87,Baylor,FermiLab,Shipped on 06/27/24 (batch 0003),TSMC,05/31/24
ECON-T,0000288,0003-PS-0800189,321ICECT0000288,ECON-T from tray 08001 at location 88,Baylor,FermiLab,Shipped on 06/27/24 (batch 0003),TSMC,05/31/24
ECON-T,0000289,0003-PS-0800190,321ICECT0000289,ECON-T from tray 08001 at location 89,Baylor,FermiLab,Shipped on 06/27/24 (batch 0003),TSMC,05/31/24
